{"hamloss": [0.2224229789205467, 0.2224229789205467, 0.2224229789205467, 0.2224229789205467, 0.2224229789205467, 0.24526291406069028, 0.2224229789205467, 0.2224229789205467, 0.2224229789205467, 0.22246930738939077, 0.22177438035672922, 0.22214500810748206, 0.2224229789205467, 0.2224229789205467, 0.2224229789205467, 0.2224229789205467, 0.2224229789205467, 0.2224229789205467, 0.2224229789205467, 0.2224229789205467, 0.2224229789205467, 0.2224229789205467, 0.2224229789205467, 0.2224229789205467, 0.2224229789205467, 0.24526291406069028, 0.22214500810748206, 0.2219133657632615, 0.2224229789205467, 0.22177438035672922, 0.2224229789205467, 0.22177438035672922, 0.2224229789205467, 0.2224229789205467, 0.22233032198285846, 0.2224229789205467, 0.22177438035672922, 0.2224229789205467, 0.2224229789205467, 0.2224229789205467, 0.2224229789205467, 0.2224229789205467, 0.2224229789205467, 0.2224229789205467, 0.2224229789205467, 0.2224229789205467, 0.2224229789205467, 0.2224229789205467, 0.22246930738939077, 0.2224229789205467], "hamdist": [1600, 1600, 1600, 1600, 1600, 1764, 1600, 1600, 1600, 1600, 1595, 1598, 1600, 1600, 1600, 1600, 1600, 1600, 1600, 1600, 1600, 1600, 1600, 1600, 1600, 1764, 1598, 1596, 1600, 1595, 1600, 1595, 1600, 1600, 1599, 1600, 1595, 1600, 1600, 1600, 1600, 1600, 1600, 1600, 1600, 1600, 1600, 1600, 1600, 1600], "hamscore": [0.7702849200833848, 0.7702849200833848, 0.7702849200833848, 0.7702849200833848, 0.7702849200833848, 0.7322585128561337, 0.7702849200833848, 0.7702849200833848, 0.7702849200833848, 0.7702154273801186, 0.7709798471160464, 0.7705628908964494, 0.7702849200833848, 0.7702849200833848, 0.7702849200833848, 0.7702849200833848, 0.7702849200833848, 0.7702849200833848, 0.7702849200833848, 0.7702849200833848, 0.7702849200833848, 0.7702849200833848, 0.7702849200833848, 0.7702849200833848, 0.7702849200833848, 0.7322585128561337, 0.7705628908964494, 0.770840861709514, 0.7702849200833848, 0.7709798471160464, 0.7702849200833848, 0.7709798471160464, 0.7702849200833848, 0.7702849200833848, 0.7704239054899171, 0.7702849200833848, 0.7709798471160464, 0.7702849200833848, 0.7702849200833848, 0.7702849200833848, 0.7702849200833848, 0.7702849200833848, 0.7702849200833848, 0.7702849200833848, 0.7702849200833848, 0.7702849200833848, 0.7702849200833848, 0.7702849200833848, 0.7702154273801186, 0.7702849200833848]}